{
  "testEnvironment": "node",
  "testMatch": [
    "**/__tests__/**/*.js",
    "**/*.test.js",
    "**/*.spec.js"
  ],
  "collectCoverageFrom": [
    "**/*.js",
    "!**/node_modules/**",
    "!**/coverage/**",
    "!jest.config.js",
    "!index.js"
  ],
  "coverageDirectory": "coverage",
  "verbose": true,
  "forceExit": true,
  "clearMocks": true,
  "resetMocks": true,
  "restoreMocks": true,
  "detectOpenHandles": true,
  "passWithNoTests": true,
  "testTimeout": 30000
}
